Model,Price,Year
AODES 650 MAX PRO EPS // Raty  // 2025 // Transport // ProMotor,32900,2026
quad LONCIN 1000 MUD 2026 / Dostawa / ProMotor / 102 kM / Raty 0%,51899,2026
cross enduro JML EN 250 PRO / Homologacja / Dostawa/ProMotor / Raty 0%,16499,2025
"QJMOTOR SRT 800SX QJ Motor SRT 800, Armed Bike Warszawa, Film, Raty",19900,2023
"BMW RT BMW R 900 RT (DOHC), 36 tys. km, Serwis FanMotor, Garmin, Kufry UNIKAT",26500,2010
"Yamaha YZF Motor Yamaha yzf r125 - garażowany, zadbany, sportowy",12500,2013
BMW GS R1200GS LC K50 K51 16r raty LaMotor Wola,33900,2016
"QUAD BRCP Grit 1000 Mud PREMIERA, nie can am, cf moto, odes,qj motor",43999,2026
Kawasaki Z 900 2025 rok praktycznie nowy motor 718 km. przebiegu pełna moc 95 koni,32900,2025
QJMOTOR SRT 550 SX QJ motor SRT 550SX / 600SX 2024r doposażony i gotowy do jazdy,22500,2024
Honda CRF CRF 450#HM MOTOR#Super Moto#Rozrusznik#Z prawem do rejestracji#DODATKI,18900,2008
Motor BMW  F 800R LED Akrapović,14900,2010
Honda GL 1800 Goldwing / Tilting Motor Works / Bezwypadkowy / l5e / Trajka,46900,2008
quad SEGWAY AT10 WL 30'' Limited / Raty 0 / Transport / ProMotor,49499,2026
quad CFmoto Goes 500L EPS / Kufer Pług / Dostawa / Raty 25r / ProMotor,24900,2025
// CF MOTO 450L XT // 4x4 // dostawa // ProMotor //Raty,24900,2025
QJMOTOR SRK 800RR QJ MOTOR SRK 800 RR 2025 | 4-cyl. | QUICKSHIFTER | rama stalowa,29990,2025
"Suzuki GSX-R 1000 motor ścigacz k8 ładny, zadbany",25900,2008
Kawasaki ER Zadbane Er6n er 6 cbf cb hornet gsr 600 raty LaMotorWola,8300,2006
cross DIABOLINI X8 300cc / 21'18' / HIT / dostawa / ProMotor,7790,2026
Triumph Tiger Triumph Tiger 900 GT lekko uszkodzony chodzi idealnie wszystko sprawne,33500,2023
Kawasaki ER Zadbane ER6n ABS raty LeoVince gsr cbf z750 raty LaMotorWola,8900,2006
QJMOTOR SRK 125S QJ MOTOR dostawa Białobrzegi cf moto motocykl skuter 125 cc jakość,11990,2026
Kawasaki ER Er6n A2 35km cb600 hornet xj6 raty LaMotorWola,10600,2009
Harley-Davidson FXSB Breakout Piękny motor Harley Davidson,56499,2014
"QJMOTOR SFA 1000 QJ MOTOR SFA 1000 STANDARD- Raty, Leasing Mielec T3B 2026",36990,2026
Cross ASIX XB-18 70 cm3 Automat Raty Dostawa Wysyłka Kros Motor,3499,2025
LONCIN XWOLF 550 S / short / 2025 / ProMotor / dostawa Raty 0%,23899,2026
skuter / ELEKTRYCZNY BLINC BETA 2000 W / mocny / Raty 0% / ProMotor,5399,2026
BMW GS R1150Gs r1150 gs super stan raty LaMotor Wola,11600,2001
Harley-Davidson Sportster Forty-Eight SPORTSTER XL 1200 P… Custom 5/99 Wersja europejska 5HD A2!,49900,2013
QJMOTOR 900 S QJ Motor SRT 900 S hit MOTOKLINIKA Września,34990,2026
BMW K K1100Rs super stan 69tys km raty LT Rt LaMotor Wola,7900,1995
QJMOTOR 900 SX QJ MOTOR SRT900 SX szprycha Motoklinika Września!,36990,2026
Benelli TRK 502 Stan SALONOWY na A2 48km Trk502 trk502x 16tys km raty LaMotorWola,17999,2023
Harley Davidson electra ABS 6 bieg tempomat,29000,2008
Moto Guzzi V85 Moto Guzzi V85 TT 2020,27900,2020
"Kawasaki ZXR ZX-10R, Ładny, Zadbany Motor",22900,2008
Suzuki gsx-s 1000f 2019r ABS TC bdb stan 26tyś przebieg,29900,2019
Motor cross RXF  150,5400,2021
cross DIABOLINI X7 300cc / 21'18' / HIT / dostawa / ProMotor,13500,2026
CF MOTO 450 CL-C BOBBER /  promocja / dostawa / nowość / ProMotor,24899,2025
QJMOTOR SFA 1000 QJ MOTOR Quad PRO dostawa Białobrzegi kufer gratis cf moto odes loncin,40990,2026
BMW GS BMW GS BMW GS BMW GS R1250 - Doinwestowany - Stan Idealny,54999,2018
BMW R R100Gs 1991r 75tyś km PD raty LaMotorWola,25900,1991
QJMOTOR SRK 921RR QJ MOTOR SRK 921 RR | 129 KM | Wydech 4-Rurka | Technologia MV AGUSTA,39900,2026
Yamaha V-MAX Jedyny dostepny szprychowe koła WIWO Akront 1200 raty LaMotor Wola,25500,1987
Sprzedam motor suzuki GSXR-1000 k8 piękna zadbana,25900,2008
Yamaha XV Yamaha XV1900 vtx zambrow podlaskie motor niska cena vulcan,31900,2008
BMW Adventure F800Gs ADV full opcja raty kufry Abs LaMotorWola,25900,2013
QJMOTOR SRK 800RR QJ MOTOR SRK 800 RR 2026 | 4-cyl. | QUICKSHIFTER | rama aluminiowa,34990,2026
Yamaha FJR fjr1300 LeoVince 2-właściciel,47900,2018
cross DIABOLINI X6 PRO 300cc / 21'18' / HIT / dostawa / ProMotor,12250,2026
Sprzedam motor  hondę CB 500,5500,1996
quad LINHAI 650 LF /Nowość /Raty 0% /ProMotor / Dostawa Gratis / Kufer,30899,2025
Yamaha Super Tenere Pierwszy właściciel motor mało używany bezwypadkowy,60000,2020
Aprilia RS Rs125 2T Tzr Gpr Rg mito A1 15km raty LaMotorWola,7500,2000
Zontes 125U1 ZONTES U1 U 1 C2 QJ MOTOR SRV 125 SRK 125 S Autoryzowany Salon od reki,16500,2025
Yamaha XS Zadbana XS400 cb cm gs gt kz raty dostawa LaMotor Wola,6400,1981
Suzuki GSX-R GSX-750r/2015r/raty/sport,35900,2015
QJMOTOR SFA 1000 QJ MOTOR SFA 1000 MUD zapisy rok 2026,45000,2026
BMW G Piękne G650Gs z Abs xtx 660 xt dr XL 600 raty LaMotorWola,11600,2010
Yamaha XJ Piękna XJ650 wał kardana cb750 cbx gs kz raty LaMotor,9900,1983
"Unikatowy Motor Harley-Davidson V-Rod, Pneumatyka, stan perfekcyjny",99900,2015
QJMOTOR SFA 1000 QJ MOTOR Quad PRO dostawa Białobrzegi kufer gratis cf moto odes loncin,40990,2026
CFMOTO 125 NK / kat B / dostawa / raty / ProMotor / Gratis / Nowy,12899,2026
QJMOTOR SFA 1000 QUAD T3B QJ MOTOR okazja stan jak nowy faktura,38700,2026
cross DIABOLINI X8 300cc / 21'18' / HIT / dostawa / ProMotor,7790,2026
BMW F Zadbane F650Gs Abs xtx xt Xl transalp DL raty LaMotorWola,11500,2007
Suzuki GSX Suzuki GSX S1000 GT,39999,2022
QJMOTOR SRV 125 QJ MOTOR SRV 12 silnik V na kat B HIT! Motoklinika Września,15990,2026
QJMOTOR SRK 800RR QJ MOTOR SRK 800 RR | Nowy Supersport | 4 Cylindry | 95 KM | Brembo,34990,2025
QJMOTOR SRK 125R QJ MOTOR 125 Ścigacz na kat B nowość Motoklinika Września,13990,2025
Suzuki DR Dr650Rs pierwszy właściciel 29tys km Rse Se Xtz Tenere raty LaMotorWol,11600,1996
Honda GL GoldWing 1100 GL 1100 raty 55tys km LaMotor Wola,10900,1981
Yamaha YZF YZF-R7/YZF-690/ World GP 60th Anniversary Edition /Akrapovic/Quickshif,32400,2022
KTM Duke kTM 890 z 2021 r.  pełna moc 115 koni SC Project,26000,2023
QJMOTOR SFA 600 QJ MOTOR Quad PRO dostawa raty Białobrzegi kufer gratis cf moto loncin,32990,2026
quad CF MOTO 625 S EPS / Dostawa / 2025 / DOSTĘPNY OD RĘKI / ProMotor,34999,2025
CF MOTO 1000 OVERLAND / 2025 / gratis / dostawa / ProMotor / Raty,60899,2025
Sprzedam motor kawasaki ZR 7S,6400,2001
BMW R Piekne R65Rt r80 r100 rt raty LaMotor Wola,14800,1985
Honda CB piękny motor z Niemiec ksiazka serwisowa mały przebieg SUPER STAN  A2,19000,2019
Surron Light Bee Surron Light Bee L1E 2025 – Star Dust Edition Perun Electric,22900,2025
Motor BMW F 800 GS,24500,2011
Suzuki DL DL1050 1-właściciel V-Strom v-storm vstrom,39900,2021
"QJMOTOR SFA 1000 QJ MOTOR SFA 1000 PRO- Raty, Leasing Mielec T3B 2026",40900,2026
QJMOTOR TRX 125 NOWY QJ MOTOR TRX 125 cm3 kat. A1 GWARANCJA FVAT23% transport RATY,9900,2026
QJMOTOR SRV 600V QJ MOTOR SRV 600 V  Motoklinika Września,26990,2025
Kawasaki ZX Ninja ZX-6R niski przebieg,23500,2007
Piękne Z900 Abs  LeoVince Brembo Suoer stan raty LaMotor Wola,25999,2018
SEGWAY Snarler AT5L  /odlicz VAT / pług kufer / Raty 0% ProMotor,27490,2026
Cross ASIX XB-18 70 cm3 Automat Raty Dostawa Wysyłka Kros Motor,3499,2025
CFMOTO 625 Touring // EPS kufer pług // raty // ProMotor // model 2025,34899,2025
Kawasaki KZ Piekne Z250c z 250 cb cm xs gt oryginał raty dostawa LaMotor Wola,7300,1981
BMW GS BMW GS R1200 Adventure,19900,2007
Motor Yamaha FJR1300 rok.2002,12999,2002
"KTM Super Duke KTM BRABUS 1300R 1 z 77 w kolorze MAGMA RED | KOLEKCJONERSKI, nowy !",129000,2022
Yamaha MT MT09 Sp z 2024 roku na A2 35 KW mały przebieg 2896 km. Super stan,36000,2024
Kawasaki Z 900 RS Z900 RS mały przebieg super stan,36000,2021
QJMOTOR SRK 921 QJ MOTOR SRK 921 | Hyper-Naked | 129 KM | Jednostronny Wahacz | Brembo,36990,2026
BMW RT Super motor super cena,28900,2010
QJMOTOR SFA 1000 QJ MOTOR SFA 1000 T3b FVAT23% GRATISY! Leasing RATY Transport ŁUKÓW,41900,2025
Fantic  Fantic motor Caballero 450 scrambler Prawk A2  poz kat 110 RATY !,19900,2022
Cross Asix XB 88 250 ccm duży Nowy gwarancja oświetlenie led motor 125,7999,2026
CF MOTO 1000 OVERLAND / 2025 / gratis / dostawa / ProMotor / Raty,60899,2025
quad // LINHAI 420 PROMAX dostawa gratis  // ProMotor // Raty 0%,18899,2026
Suzuki RM-Z Motor Cross-Enduro  SUZUKI RM-Z 450 VALENTI RACING Homologacja Drogowa,26900,2010
MOTOR BMW Bond 1999 21tys/km piękny stan kolekcjonerski.,36000,1999
quad // LINHAI 420 PROMAX dostawa gratis  // ProMotor // Raty 0%,18899,2026
Vespa PK Pk50XL automatik pk 50 xl 3333km raty LaMotor Wola,10500,1990
NOWY QJ MOTOR TRX 125 cm3 kat. A1 GWARANCJA FVAT23% transport RATY,9900,2026
Aprilia Tuono Aprilia Tuono Factory V4 2023 rok produkcji rejestracja 2024,51900,2023
Suzuki GSX 1000 pierwszy właściciel przewody w stalowym oplocie pompa brembo SPORT,34999,2021
QJMOTOR SFA 1000 Quad QJ MOTOR sfa 1000  / salon MOTO-TRIP KRAKÓW,36990,2025
Sherco 300 2T 2024 Factory,34500,2024
Benelli Leoncino Trail Benelli Leoncino 800 Trail 2023r.Salon Polska! Przebieg 1500 km,26900,2023
LONCIN XWOLF 550L EPS //  kufer pług / Raty 0% / ProMotor / 2025 /,25899,2025
quad LONCIN XWOLF 700 MUD / 2026 / raty 0 / dostawa / ProMotor,34899,2026
cross DIABOLINI X8 300cc / 21'18' / HIT / dostawa / ProMotor,7790,2026
SWM SM 500 R SM 500 R ! Stan Bardzo Dobry ! LED ! Kat. A2 ! Gwarancja !,14900,2020
Triumph Tiger Triumph Tiger 800*3 Kufry*Grzane manetki*Bezwypadkowy*Transport,18700,2012
Sprzedam motor suzuki GSXR-1000 k8 piękna zadbana,25900,2008
Honda Transalp Piękny XL650V xtz xt Dr Gs raty LaMotorWola,9999,2001
Kawasaki Ninja ZX6R 636 - DOINWESTOWANY 6 TYŚ ZŁ,38500,2020
"Kawasaki Versys 1000 1000 SE Grand Tourer , 1 właściciel",52900,2022
BMW GS R1100gs ABS pierwszy właściciel raty LaMotor Wola,9999,1997
Benelli Leoncino Benelli Leoncino motor wygląda jak NOWY  ABS A2 z Niemiec ks. serwisow,15000,2020
BMW GS BMW GS BMW GS R1200 Adventure -Tripple Black - Doinwestowany,52999,2017
cross DIABOLINI X8 250cc / 21'18' / HIT / dostawa / ProMotor,7500,2026
Motor cross KAYO K2,5500,2021
LONCIN XWOLF 700 MUD / najnowsza wersja / ProMotor / 2025 / HIT,34899,2026
MINI CROSS Motor spalinowy 50cc dla dzieci Pelikan sky raty dostawa,1699,2026
quad CF MOTO 1000 PREMIUM ABS PRO / 2026 / dostawa / kufer / ProMotor,57499,2026
Honda CRF Africa Twin 1000 /DTC/Kufry/2017/20200km/Raty,38400,2017
QJMOTOR SRT900SX QJ MOTOR SRT 900SX | Nowy Flagowiec | Gwarancja | Kufry w standardzie!,36990,2026
Kawasaki Versys 1000 VERSYS 1000 SE Grand Tourer 1-właściciel,45900,2019
Motor Yamaha FJR1300 rok.2002,12999,2002
Husqvarna Fe 350 Rockstar 2021 Bardzo ładna (KTM),25900,2021
"Royal Enfield Himalayan 450  

31 942 zł",26900,2025
Ducati Diavel Titanium No. 50/500  Jeden Właściciel.,45000,2015
CFMOTO 625 Touring // EPS kufer pług // HIT // ProMotor // model 2025,34899,2025
Yamaha MT MT09 Tracer GT pierwszy własciciel bezwypadkowy,32000,2019
Sprzedam  Motor Jawa 350,4800,1980
quad SZTORM OVERLAND 250 / Mocny / Raty  / NOWOŚĆ / ProMotor 2025,7999,2026
// LONCIN XWOLF 700 // 2025 // Transport // RATY // ProMotor,29899,2025
Yamaha XT Yamaha XT660R jak nowa 15tys km !!!,24900,2011
"Ducati Multistrada Po serwisie, nowe opony, gotowy do sezonu",37900,2015
Honda NC NC 750 S piekny motor z Niemiec bezwypadkowy TOP STAN,19999,2017
BENELLI LEONCINO 800 TRAIL 2023r. Przebieg 1500 km GWARANCJA !!!,26900,2023
Harley Davidson Trike,54000,2006
"BRCP Grit 1000 Mud Quad 1000cc. NEW !!! nie cf moto, qj motor, can am,",43999,2026
CF MOTO Uforce 600 // UTV // eps // 4x4 // Dostawa // Raty // ProMotor,53900,2025
Moto Guzzi V7 Super oferta Moto Guzzi v7 stone z 2020 roku na A2,16500,2020
Indian FTR Indian Ftr 1200S Replica,38500,2019
Honda CB Honda CB650F 2015 r,17900,2015
// LONCIN XWOLF 700 // 2025 // Transport // RATY // ProMotor,29899,2025
buggy SZTORM Z125 / dwuosobowy / JAKOŚĆ / Raty 0% / ProMotor,6999,2025
Polovolt ST-16 Extrime Motor elektryczny dla dziecka,3499,2025
QJMOTOR SFA 1000 QJ MOTOR Quad PRO T3B dostawa raty Białobrzegi kufer gratis cf moto,40990,2026
cross DIABOLINI X7 300cc / 21'18' / HIT / dostawa / ProMotor,13500,2026
"Can-Am Ryker Mocny motor  na kat""B""",38900,2021
Honda Valkyrie,48000,2014
Yamaha MT 09 Tracer ABS/TC 34tys.km-TUV/ASO Akrapovic 4-Torby HALOGEN-LIMITED,31650,2018
Honda GL Honda GL 1800 2008 r.,43900,2008
Harley-Davidson Sportster Harley sportster 883 praktycznie nowy 368km jeden wł. ostatni rok prod,36900,2022
QJMOTOR SRK 125S QJ MOTOR SRK125S na kat B nowość MOTOKLINIKA Września,11990,2026
quad LONCIN XWOLF 1000L MUD / 2025 / Raty 0% / 102kM / ProMotor,51899,2025
QJMOTOR COV 125X QJ MOTOR COV 125X | Nowość 2026! | Najmocniejsze Enduro 125cc (15 KM),12990,2026
quad SZTORM OVERLAND 250 / Mocny / Hak / Wyciągarka / ProMotor,7999,2026
// CF MOTO 450L XT // 4x4 // dostawa // ProMotor //Raty,24900,2025
QJMOTOR SFA 1000 QJ MOTOR Quad PRO T3B dostawa raty Białobrzegi kufer gratis cf moto,40990,2026
QJMOTOR SRV 125 QJ MOTOR SRV 125 SRK 125 S Autoryzowany Salon Qj motor od reki,10900,2025
Barton X-Trail Skuter spalinowy Barton X-TRAIL 125 ABS nowy Łódź motocykl motor,12999,2025
Unikatowa Husqvarna 701 rally jak dakarowka  zbiorniki 32l Dakar,46000,2017
Sprzedam motor Cross 125,1399,2010
SHL M04 1954r Warszawska Fabryka Motocykli,21900,1954
Triumph Speed Triple Triumph Speed Triple 1050 R z 2016 roku SUPER Monstrum,26500,2016
Sprzedam motor HONDA CB500 HORNET    STAN NOWEGO,24000,2024
"BMW GS Super stan, pierwszy właściciel, niski przebieg, jazda próbna, FILM",20899,2008
Harley-Davidson Touring Road Glide,46200,2015
"QJMOTOR SRV 125 QJ MOTOR SRK 125 S Nowość 2025 od ręki Mielec raty, leasing transport",10900,2025
// ODES 650 V-TWIN LONG // Wspomaganie KUFER / PŁUG /  ProMotor,32900,2026
quad SZTORM OVERLAND 250 / 2 osobowy / Duży / Automat / ProMotor,7999,2026
quad SZTORM OVERLAND 125 / automat / Raty / ProMotor / Gratisy,4799,2026
LONCIN XWOLF 550L EPS //  kufer pług / Raty / ProMotor / 2025 /,25899,2025
Husqvarna FC Cross Husqvarna FC 250 rok 2021 nie KTM,16900,2021
Kawasaki Versys-X 300 Abs A2 ! Salon Polska ! 1 właściel ! Okazja ! Transport ! Raty !,14900,2017
"Harley-Davidson Touring Street Glide Harley Davidson FLHX Street Glide 2012r, 17 342 mil!!! 85 KM",39900,2012
Harley-Davidson FLH Shovelhead,45000,1972
// CF MOTO 500L Goes // 4x4 // dostawa // ProMotor /Raty okazja,22900,2025
Kawasaki z300/125 prawo jazdy B,19500,2015
Yamaha SR Zadbana Sr125 ybr cb gn tw raty LaMotorWola,5300,1998
quad CFmoto Goes 500L // Kufer Pług // Dostawa // Raty 24r // ProMotor,22900,2025
Honda NC Honda Nc 750 X DCT,21000,2016
CF MOTO 520L EPS XT nowy model wspomaganie VAT kufer GRATIS ProMotor,28499,2025
MINI CROSS MOTOR 50cc spalinowy dla dzieci  Duże koła // raty dostawa,1299,2025
Motor  Motocykl Trial Gasgas 280 txt. Sprzedam.,15900,2022
Honda GL Motor Honda GL 1800 Goldwing,45000,2012
Suzuki Burgman Sprzedam motor Suzuki Burgman,5500,2008
Yamaha FJ Fj1200 Gtr xj900 rt raty zarejestrowany LaMotor Wola,5590,1991
Kawasaki er-5  motor sprowadzony,1500,2000
Honda ST Honda ST1300,29500,2010
"Kawasaki Ninja 125 ABS 2023 r.  1088 km Kat.B, A1, A2",16559,2024
YZ 85 2019r 19/16,9800,2019
Honda VTX Rezerwacja  vtx 1300 retro Vance&Hines hypercharger Kuryakyn,22500,2004
Yamaha FZ1 mały przebieg jak nowa 150 koni lalka,17999,2009
Kawasaki Zephyr Piękne Zr750 cb900 cbx szprychy 1właściciel raty LaMotor,15999,1991
// LONCIN XWOLF 700 // 2025 // Transport // RATY // ProMotor,29899,2025
quad CFmoto Goes 500L EPS / Kufer Pług / Dostawa / Raty 25r / ProMotor,24900,2025
quad SZTORM OVERLAND 250 / Wyciągarka Hak / Gratis / Raty 0 / ProMotor,7999,2026
Triumph Street Triple piękny street triple 675 przebieg tylko 14454 km. SUPER STAN,19999,2011
Ktm EXC-F 350 zarejstrowany A2,25900,2022
Honda CRF Honda crf250r po remoncie silnika!!,20400,2023
BMW F750GS 4 pakiety/kufry/sos/2022rok,47800,2022
BMW K BMW K1300R Stan Idealny Jedyny taki Egzemplarz,39700,2010
quad AODES 650 SHORT EPS / wspomaganie / Transport / 2025 ProMotor,30900,2026
QJMOTOR MTX 125 QJ MOTOR MTX 125 skuter kat B 15 koni Motoklinika Września,12490,2026
Yamaha MT Yamaha mt07 A2 35kw akrapovic,20500,2019
Motocykl BMW  R100 z bocznym wózkiem,32000,1982
BMW GS BMW R 1250 GS Rallye Ful opcja + Komplet Kufrów,69900,2021
CF MOTO 450 CL-C BOBBER /  promocja / dostawa / nowość / ProMotor,24899,2025
quad SZTORM OVERLAND 125 / Raty 0%/ komunia / ProMotor,4799,2026
CF MOTO 1000 OVERLAND / 2026 / gratis / dostawa / ProMotor / Raty,60899,2026
"BMW F 800 GS ABS 42tys,km-TUV ESA Ledy SZYBA Kufer MAPY Tripe Black-FullASO",27999,2016
Yamaha MT MT01 MT 01 MT-01 2005 Niski Przebieg 27 tyś km MGmoto WLKP,29500,2005
Motor Moto Guzzi California EV 1100,16000,2000
"BMW R 45 1980r. piękny oldtimer, silnik bosko pracuje, z DE, A2***",15400,1980
"Cam am Outlander XMR 570/650  2021r (POLARIS, CF MOTO, QJ MOTOR)",43500,2021
Witam sprzedam  lub Zamiana na litra  Hondę CBR 600 stan idealny,20500,2013
Motor marki Bmw 1984,5800,1984
Harley-Davidson Pan America Harley Davidson HD PAN AMERICA SPECIAL 2021 Gwarancja! Salon Polska,54900,2021
Gas Gas ec 300 2t (KTM/HUSQVARNA),23500,2023
quad LONCIN 1000 MUD 2025 / Dostawa / ProMotor / 102 kM / Raty 0%,51899,2025
buggy HIGHPER Z-250 dwuosobowy dostępny ProMotor mocny AUTOMAT Raty,14499,2026
Motor CF motor 250,9000,2020
quad SZTORM VIKING 125 / nowość / Mocny / Raty  / Jakość / ProMotor,4999,2026
QJMOTOR SFA 1000 Quad QJ MOTOR SFA 1000 pro 2026 + GRATISY / salon Moto-Trip KRAKÓW,40990,2026
Motor Honda VTX 1300,23000,2006
Suzuki GSX Gsxs750/ gsx s 750/gsx 750s/2019/ A2/abs/Oryginał/ raty,24900,2019
Motor Yamaha XT 125,6800,2009
Harley-Davidson Sportster Roadster 1200R Harley Davidson Sportster Roadster 1200CX,30500,2016
Honda CBF Piekny Cbf600 cb gsr z750 er6 raty 42tyskm LaMotorWola,10500,2007
QJMOTOR SFA 600 QJ MOTOR Quad PRO dostawa raty Białobrzegi cf moto loncin odes linhai,28990,2026
BMW R1250 GS Adventure 2016 BMW R1200GS Adventure super stan 26k km komplet org. Kufrów,54950,2016
Fantic  Motor Fantic Motard 50 Performance 2022,10500,2022
Kawasaki Versys 650 Rezerwacja,30900,2024
QJMOTOR SFA 1000 QJ MOTOR Quad PRO dostawa Białobrzegi kufer gratis cf moto odes loncin,40990,2026
quad LONCIN XWOLF 700 MUD / 2026 / raty 0 / dostawa / ProMotor,34899,2026
QJ motor 600 cc 2026 raty kredyt transport,32990,2026
"QJMOTOR Inny Nowy QJMOTOR SRK800 2026 rok, Motonita, gwarancja",29990,2026
Piaggio MP-3 TYLKO 3321km ! MP3 HPE 2021r sport LT 300cm Kat B L5e 500 MGmoto WLKP,13950,2021
Triumph Thruxton Thruxton 1200 R Ohlins Brembo,49900,2016
Benda Redstone 550 BENDA REDSTONE R2 550 EXCLUSIVE V2 48KM T3b RATY 0% Transport Fvat 23%,26990,2025
APRILIA TUONO 1000 RSV4 APRC FACTORY Akrapovic zamiana,29999,2012
Motor BMW R850R 2000 Rok 850 cm,7500,2000
"QJMOTOR 900 SX Nowy QJMOTOR SRT900SX z kuframi czarny 2026, Motonita, gwarancja",36990,2026
BMW S S1000R S1000 R S 1000r 2015 Sportowy Wydech RR CBR RSV R1 MGmoto WLKP,17900,2015
QJMOTOR SFA 1000 QJ MOTOR Quad PRO dostawa Białobrzegi kufer gratis cf moto odes loncin,40990,2026
Triumph Bonneville Bobber Triumph Bonneville Bobber 2018,32900,2018
